<?xml version="1.0" encoding="UTF-8"?>
<project-private xmlns="http://www.netbeans.org/ns/project-private/1">
    <editor-bookmarks xmlns="http://www.netbeans.org/ns/editor-bookmarks/2" lastBookmarkId="0"/>
    <open-files xmlns="http://www.netbeans.org/ns/projectui-open-files/2">
        <group>
            <file>file:/D:/KAMPUS/SEMESTER%206/PBO/uts-java/web/struk.jsp</file>
            <file>file:/D:/KAMPUS/SEMESTER%206/PBO/uts-java/web/index.jsp</file>
            <file>file:/D:/KAMPUS/SEMESTER%206/PBO/uts-java/web/navbar.jsp</file>
            <file>file:/D:/KAMPUS/SEMESTER%206/PBO/uts-java/web/formPesan.jsp</file>
            <file>file:/D:/KAMPUS/SEMESTER%206/PBO/uts-java/web/css/style.css</file>
        </group>
    </open-files>
</project-private>
